clip_id,pitcher_name,pitcher_id,p_throws,catcher_name,catcher_id,batter_name,play_id,game_pk,at_bat_number,pitch_number,is_naylor
vladdy_6f46c564_bowlan_R.mp4,Jonathan Bowlan,680742,R,Carter Jensen,695600,Addison Barger,6f46c564-be95-3225-9e84-13a6a10e283b,776229,60,4,0
vladdy_48792f2e_zulueta_R.mp4,Yosver Zulueta,691172,R,Jose Trevino,624431,Alejandro Kirk,48792f2e-9133-35d4-bf43-47bffdbf7861,776491,82,5,0
vladdy_04152a7f_burke_R.mp4,Sean Burke,680732,R,Kyle Teel,691019,Bo Bichette,04152a7f-4532-3bcd-80c6-832553c08556,777212,26,2,0
vladdy_08ca2f2e_bello_R.mp4,Brayan Bello,678394,R,Connor Wong,657136,Alejandro Kirk,08ca2f2e-07dd-36df-9646-423fecc50ee8,777345,4,5,0
vladdy_615a5fa5_rodriguez_L.mp4,Eduardo Rodriguez,593958,L,Jose Herrera,645444,Alejandro Kirk,615a5fa5-f8a4-308e-b1b2-384598d7226e,777462,7,7,0
vladdy_7391d322_liberatore_L.mp4,Matthew Liberatore,669461,L,Yohel Pozo,650968,Alejandro Kirk,7391d322-a1bd-3997-b32f-a85acc7e4df6,777545,35,3,0
vladdy_565559e5_romano_R.mp4,Jordan Romano,605447,R,Rafael Marchán,665561,Addison Barger,565559e5-b074-3cf2-a0b0-bf47ff181d6f,777651,63,2,0
vladdy_91317944_strider_R.mp4,Spencer Strider,675911,R,Sean Murphy,669221,Andrés Giménez,91317944-ec65-3cca-8dce-f83e4ec08b6b,778297,24,1,0
